{"Выбранный элемент": "Жилой дом, Квартира", "Имя Фамилия": "Иванов", "Email адрес": "qqqqq@wwww.ru", "Номер телефона": "+79259682530", "Сообщение": "апапапапьоолнриа па па"}
{"Выбранный элемент": "Земельный участок", "Имя Фамилия": "Иванов", "Email адрес": "vit21513@yandex.ru", "Номер телефона": "+79186582380", "Сообщение": "привет"}
{"Выбранный элемент": "Жилой дом, Квартира", "Имя Фамилия": "Иванов", "Email адрес": "vit21513@yandex.ru", "Номер телефона": "+79186582380", "Сообщение": "dasddsad"}
{"Выбранный элемент": "Жилой дом, Квартира", "Имя Фамилия": "Иванов", "Email адрес": "ustghost@gmail.com", "Номер телефона": "+79259653241", "Сообщение": "всвыаыавыавыа"}
{"Выбранный элемент": "Жилой дом, Квартира", "Имя Фамилия": "Иванов", "Email адрес": "vit21513@yandex.ru", "Номер телефона": "+79186582380", "Сообщение": "выапвпва"}
{"Выбранный элемент": "Жилой дом, Квартира", "Имя Фамилия": "Иванов", "Email адрес": "qqqqq@wwww.ru", "Номер телефона": "+79259682530", "Сообщение": "привет"}
{"Выбранный элемент": "Земельный участок", "Имя Фамилия": "Иванов", "Email адрес": "vit21513@yandex.ru", "Номер телефона": "+79186582380", "Сообщение": "ss"}
{"Выбранный элемент": "Земельный участок", "Имя Фамилия": "Иванов", "Email адрес": "vit21513@yandex.ru", "Номер телефона": "+79186582380", "Сообщение": "jjj"}
{"Выбранный элемент": "Земельный участок", "Имя Фамилия": "Иванов", "Email адрес": "vit21513@yandex.ru", "Номер телефона": "+79186582380", "Сообщение": "asaa"}
{"Выбранный элемент": "Земельный участок", "Имя Фамилия": "Иванов", "Email адрес": "qqqqq@wwww.ru", "Номер телефона": "+79259682530", "Сообщение": "jjjj"}
{"Выбранный элемент": "Земельный участок", "Имя Фамилия": "Иванов", "Email адрес": "vit21513@yandex.ru", "Номер телефона": "+79186582380", "Сообщение": "ss"}
{"Выбранный элемент": "Просто спросить", "Имя Фамилия": "88", "Email адрес": "ustghost@gmail.com", "Номер телефона": "+79259653241", "Сообщение": "66"}
{"Выбранный элемент": "Жилой дом, Квартира", "Имя Фамилия": "Иванов", "Email адрес": "vit21513@yandex.ru", "Номер телефона": "+79186582380", "Сообщение": "bbb"}
{"Выбранный элемент": "Земельный участок", "Имя Фамилия": "Иванов", "Email адрес": "vit21513@yandex.ru", "Номер телефона": "+79186582380", "Сообщение": "jujj"}
{"Выбранный элемент": "Земельный участок", "Имя Фамилия": "Иванов", "Email адрес": "vit21513@yandex.ru", "Номер телефона": "+79186582380", "Сообщение": "aa"}
{"Выбранный элемент": "Земельный участок", "Имя Фамилия": "Иванов", "Email адрес": "vit21513@yandex.ru", "Номер телефона": "+79186582380", "Сообщение": "dssdd"}
{"Выбранный элемент": "Земельный участок", "Имя Фамилия": "Иванов", "Email адрес": "vit21513@yandex.ru", "Номер телефона": "+79186582380", "Сообщение": "dssdd"}
{"Выбранный элемент": "Земельный участок", "Имя Фамилия": "Иванов", "Email адрес": "qqqqq@wwww.ru", "Номер телефона": "+79254781250", "Сообщение": "bnnb"}
{"Выбранный элемент": "Земельный участок", "Имя Фамилия": "sd", "Email адрес": "qqqqq@wwww.ru", "Номер телефона": "+79259682530", "Сообщение": "jk"}
{"Выбранный элемент": "Задать вопрос", "Имя Фамилия": "Школин", "Email адрес": "gfghfghfhf@gmail.com", "Номер телефона": "+79883411111", "Сообщение": "привет"}
{"Выбранный элемент": "Жилой дом, Квартира", "Имя Фамилия": "Иванов", "Email адрес": "vit21513@yandex.ru", "Номер телефона": "+79186582380", "Сообщение": "saddasd"}
{"Выбранный элемент": "Земельный участок", "Имя Фамилия": "Антон", "Email адрес": "ustghost@gmail.com", "Номер телефона": "+79259653241", "Сообщение": "цц"}
{"Выбранный элемент": "Жилой дом, Квартира", "Имя Фамилия": "Иванов", "Email адрес": "vit21513@yandex.ru", "Номер телефона": "+79186582380", "Сообщение": "ццц"}
{"Выбранный элемент": "Иное", "Имя Фамилия": "Иванов", "Email адрес": "ustghost@gmail.com", "Номер телефона": "+79259653241", "Сообщение": "не понятно"}
{"Выбранный элемент": "Земельный участок", "Имя Фамилия": "Школин", "Email адрес": "ustghost@gmail.com", "Номер телефона": "+79186582380", "Сообщение": "фцвфцвцввцф"}
{"Выбранный элемент": "Земельный участок", "Имя Фамилия": "Пелюхова", "Email адрес": "lera.lynda@bk.ru", "Номер телефона": "+79181268680", "Сообщение": "привет"}
{"Выбранный элемент": "Жилой дом, Квартира", "Имя Фамилия": "Лында", "Email адрес": "lenapekuhova@gmail.com", "Номер телефона": "+70000000000", "Сообщение": "аа"}
{"Выбранный элемент": "Жилой дом, Квартира", "Имя Фамилия": "Иванов", "Email адрес": "qqqqq@wwww.ru", "Номер телефона": "+79259682530", "Сообщение": "aa"}
{"Выбранный элемент": "Земельный участок", "Имя Фамилия": "Иванов", "Email адрес": "qqqqq@wwww.ru", "Номер телефона": "+79259682530", "Сообщение": "Привет"}
{"Выбранный элемент": "Иное", "Имя Фамилия": "sd", "Email адрес": "vit21513@yandex.ru", "Номер телефона": "+79186582380", "Сообщение": "fff"}
{"Выбранный элемент": "Жилой дом, Квартира", "Имя Фамилия": "Иванов", "Email адрес": "qqqqq@wwww.ru", "Номер телефона": "+79254781250", "Сообщение": "hhh"}
