[
 {
  "Выбранный элемент": "Земельный участок",
  "Имя Фамилия": "ivanov",
  "Email адрес": "qqqqq@wwww.ru",
  "Номер телефона": "+79259682530",
  "Сообщение": ">ghjjghjghjghjh",
  "Дата создания": "2023-08-05 09:37:03.408967"
 },
 {
  "Выбранный элемент": "Квартира",
  "Имя Фамилия": "hggg",
  "Email адрес": "qqqqq@wwww.ru",
  "Номер телефона": "+79254781250",
  "Сообщение": "QVACB",
  "Дата создания": "2023-08-05 09:37:20.446116"
 },
 {
  "Выбранный элемент": "Земельный участок",
  "Имя Фамилия": "fggff",
  "Email адрес": "vit21513@yandex.ru",
  "Номер телефона": "+79186582380",
  "Сообщение": "wwww",
  "Дата создания": "2023-08-05 09:39:21.043412"
 },
 {
  "Выбранный элемент": "Земельный участок",
  "Имя Фамилия": "ivanov",
  "Email адрес": "qqqqq@wwww.ru",
  "Номер телефона": "+79259682530",
  "Сообщение": ">ghjgjg",
  "Дата создания": "2023-08-05 09:41:19.308019"
 },
 {
  "Выбранный элемент": "Квартира",
  "Имя Фамилия": "ivanov",
  "Email адрес": "qqqqq@wwww.ru",
  "Номер телефона": "+79259682530",
  "Сообщение": ">",
  "Дата создания": "2023-08-05 10:04:34.214598"
 },
 {
  "Выбранный элемент": "Земельный участок",
  "Имя Фамилия": "ivanov",
  "Email адрес": "vit21513@yandex.ru",
  "Номер телефона": "+79186582380",
  "Сообщение": "прпрпрп",
  "Дата создания": "2023-08-05 12:48:03.598420"
 },
 {
  "Выбранный элемент": "Земельный участок",
  "Имя Фамилия": "ivanov",
  "Email адрес": "qqqqq@wwww.ru",
  "Номер телефона": "+79259682530",
  "Сообщение": ">",
  "Дата создания": "2023-08-06 15:52:15.533853"
 },
 {
  "Выбранный элемент": "Квартира",
  "Имя Фамилия": "ivanov",
  "Email адрес": "qqqqq@wwww.ru",
  "Номер телефона": "+79259682530",
  "Сообщение": "хочу дом",
  "Дата создания": "2023-08-06 16:56:51.707518"
 },
 {
  "Выбранный элемент": "Земельный участок",
  "Имя Фамилия": "Лында",
  "Email адрес": "lenapekuhova@gmail.com",
  "Номер телефона": "+70000000000",
  "Сообщение": ">",
  "Дата создания": "2023-08-06 17:07:29.188545"
 },
 {
  "Выбранный элемент": "Задать вопрос",
  "Имя Фамилия": "ivanov",
  "Email адрес": "ustghost@gmail.com",
  "Номер телефона": "+79259653241",
  "Сообщение": "Sjgdsff",
  "Дата создания": "2023-08-06 17:11:17.107188"
 },
 {
  "Выбранный элемент": "Квартира",
  "Имя Фамилия": "Лында",
  "Email адрес": "gfghfghfhf@gmail.com",
  "Номер телефона": "+79883411111",
  "Сообщение": "awawawwawa",
  "Дата создания": "2023-08-06 17:15:09.107420"
 },
 {
  "Выбранный элемент": "Земельный участок",
  "Имя Фамилия": "Лында",
  "Email адрес": "ustghost@gmail.com",
  "Номер телефона": "+79186582380",
  "Сообщение": "Хочу хлеба ",
  "Дата создания": "2023-08-06 17:17:59.340259"
 }
]