[
 {
  "Выбранный элемент": "Квартира",
  "Имя Фамилия": "ivanov",
  "Email адрес": "vit21513@yandex.ru",
  "Номер телефона": "+79186582380",
  "Сообщение": "awdawdadada",
  "Дата создания": "2023-08-09 15:50:03.857464"
 },
 {
  "Выбранный элемент": "Земельный участок",
  "Имя Фамилия": "ivanov",
  "Email адрес": "vit21513@yandex.ru",
  "Номер телефона": "+79186582380",
  "Сообщение": "pkoiio",
  "Дата создания": "2023-08-09 16:05:39.797717"
 },
 {
  "Выбранный элемент": "Квартира",
  "Имя Фамилия": "fggff",
  "Email адрес": "qqqqq@wwww.ru",
  "Номер телефона": "+79259682530",
  "Сообщение": ">3RWR",
  "Дата создания": "2023-08-09 16:15:24.499715"
 },
 {
  "Выбранный элемент": "Иное",
  "Имя Фамилия": "GGGGG",
  "Email адрес": "vit21513@yandex.ru",
  "Номер телефона": "89588694713",
  "Сообщение": ">GGGGGGG",
  "Дата создания": "2023-08-09 16:17:21.661745"
 },
 {
  "Выбранный элемент": "Задать вопрос",
  "Имя Фамилия": "RTT",
  "Email адрес": "ustghost@gmail.com",
  "Номер телефона": "+79259653241",
  "Сообщение": ">",
  "Дата создания": "2023-08-09 16:19:07.007612"
 },
 {
  "Выбранный элемент": "Жилой дом",
  "Имя Фамилия": "fggff",
  "Email адрес": "qqqqq@wwww.ru",
  "Номер телефона": "+79259682530",
  "Сообщение": ">AWDAWAWD",
  "Дата создания": "2023-08-09 16:46:47.999498"
 },
 {
  "Выбранный элемент": "Земельный ",
  "Имя Фамилия": "SDEGDF",
  "Email адрес": "qqqqq@wwww.ru",
  "Номер телефона": "DFSFF",
  "Сообщение": ">DSFSDFSD",
  "Дата создания": "2023-08-09 16:48:11.570212"
 },
 {
  "Выбранный элемент": "Задать вопрос",
  "Имя Фамилия": "Перкунер",
  "Email адрес": "vit21513@yandex.ru",
  "Номер телефона": "89588694713",
  "Сообщение": "я хочу машину",
  "Дата создания": "2023-08-10 17:11:57.876053"
 }
]